{
    "title" : "Intune-My-Mac",
    "message" : "Please wait while we configure your Mac...",
    "button1text": "Exit",
    "icon" : "/Library/Application Support/SwiftDialogResources/icons/msft.png",
    "iconsize" : "400",
    "listitem" : [
      {"title" : "Company Portal", "icon" : "/Library/Application Support/SwiftDialogResources/icons/CompanyPortal.png", "status" : "pending", "statustext" : "Pending"},
      {"title" : "Microsoft Office", "icon" : "/Library/Application Support/SwiftDialogResources/icons/office.png", "status" : "pending", "statustext" : "Pending"},
      {"title" : "Microsoft Edge", "icon" : "/Library/Application Support/SwiftDialogResources/icons/Edge.png", "status" : "pending", "statustext" : "Pending"},
      {"title" : "Windows App", "icon" : "/Library/Application Support/SwiftDialogResources/icons/WindowsApp.png", "status" : "pending", "statustext" : "Pending"}
    ]
  }



